{
	"partitions" : [
		{
			"name" : "Top",
			"pins" : [
				{
					"name" : "LED[0]",
					"strict" : false
				},
				{
					"name" : "LED[1]",
					"strict" : false
				},
				{
					"name" : "LED[2]",
					"strict" : false
				},
				{
					"name" : "LED[3]",
					"strict" : false
				},
				{
					"name" : "LED[4]",
					"strict" : false
				},
				{
					"name" : "LED[5]",
					"strict" : false
				},
				{
					"name" : "LED[6]",
					"strict" : false
				},
				{
					"name" : "LED[7]",
					"strict" : false
				},
				{
					"name" : "GPIO_0[9]",
					"strict" : false
				},
				{
					"name" : "GPIO_0[11]",
					"strict" : false
				},
				{
					"name" : "GPIO_0[13]",
					"strict" : false
				},
				{
					"name" : "GPIO_0[15]",
					"strict" : false
				},
				{
					"name" : "GPIO_1[0]",
					"strict" : false
				},
				{
					"name" : "GPIO_1[1]",
					"strict" : false
				},
				{
					"name" : "GPIO_1[3]",
					"strict" : false
				},
				{
					"name" : "GPIO_1[5]",
					"strict" : false
				},
				{
					"name" : "GPIO_1[7]",
					"strict" : false
				},
				{
					"name" : "GPIO_1[9]",
					"strict" : false
				},
				{
					"name" : "GPIO_1[10]",
					"strict" : false
				},
				{
					"name" : "GPIO_1[11]",
					"strict" : false
				},
				{
					"name" : "GPIO_1[12]",
					"strict" : false
				},
				{
					"name" : "GPIO_1[13]",
					"strict" : false
				},
				{
					"name" : "GPIO_1[14]",
					"strict" : false
				},
				{
					"name" : "GPIO_1[15]",
					"strict" : false
				},
				{
					"name" : "GPIO_1[16]",
					"strict" : false
				},
				{
					"name" : "GPIO_1[17]",
					"strict" : false
				},
				{
					"name" : "GPIO_1[22]",
					"strict" : false
				},
				{
					"name" : "GPIO_1[27]",
					"strict" : false
				},
				{
					"name" : "GPIO_1[29]",
					"strict" : false
				},
				{
					"name" : "GPIO_1[31]",
					"strict" : false
				},
				{
					"name" : "GPIO_1[33]",
					"strict" : false
				},
				{
					"name" : "CLOCK_50",
					"strict" : false
				},
				{
					"name" : "KEY[1]",
					"strict" : false
				},
				{
					"name" : "KEY[0]",
					"strict" : false
				}
			]
		}
	]
}